SchoolName,Category,Year,GraduateFTE,UndergradFTE,Total_FTE_Students,FTE_Student_Growth,Instruction,Instruction_PerFTE,Instruction_Pct,PublicService,PublicService_PerFTE,PublicService_Pct,AcademicSupport,AcademicSupport_PerFTE,AcademicSupport_Pct,StudentServices,StudentServices_PerFTE,StudentServices_Pct,InstitutionalSupport,InstitutionalSupport_PerFTE,InstitutionalSupport_Pct,AuxiliaryEnterprises,AuxiliaryEnterprises_PerFTE,AuxiliaryEnterprises_Pct,NetScholarships,NetScholarships_PerFTE,NetScholarships_Pct,Other,Other_PerFTE,Other_Pct,TotalExpenses,TotalExpenses_PerFTE,,,,,,,,,,,,,,,,,,,,,,,,,,,,,,,,,,,,,,,,,,,,,,,,,,,,,,,,,,,,,,,,,,,,,,,,,,,,,,,,,,,,,,,,,,,,,,,,,,,,,,,,,,,,,,,,,,,,,,,,,,,,,,,,,,,,,,,,,,,,,,,,,,,,,,,,,,
Central CT State Univ.,4,2004,31,7724,7755,0,46885602,6046,31,2715792,350,2,25255109,3257,17,14009923,1807,9,21145293,2727,14,5914985,763,4,7750635,5012,31,0,5012,31,150414226,5012,,,,,,,,,,,,,,,,,,,,,,,,,,,,,,,,,,,,,,,,,,,,,,,,,,,,,,,,,,,,,,,,,,,,,,,,,,,,,,,,,,,,,,,,,,,,,,,,,,,,,,,,,,,,,,,,,,,,,,,,,,,,,,,,,,,,,,,,,,,,,,,,,,,,,,,,,,
Central CT State Univ.,4,2005,23,8030,8053,3.842682141,47329898,5877,23,3765145,468,2,16612275,2063,8,15485546,1923,7,20077973,2493,10,15722362,1952,7,53913687,4929,23,0,4929,23,209640469,4929,,,,,,,,,,,,,,,,,,,,,,,,,,,,,,,,,,,,,,,,,,,,,,,,,,,,,,,,,,,,,,,,,,,,,,,,,,,,,,,,,,,,,,,,,,,,,,,,,,,,,,,,,,,,,,,,,,,,,,,,,,,,,,,,,,,,,,,,,,,,,,,,,,Instruction - Current year total (F0304_F1A_RV),Public service - Current year total (F0304_F1A_RV),Academic support - Current year total (F0304_F1A_RV),Student services - Current year total (F0304_F1A_RV),Institutional support - Current year total (F0304_F1A_RV),Scholarships and fellowships expenses -- Current year total (F0304_F1A_RV),Auxiliary enterprises -- Current year total (F0304_F1A_RV),Other expenses  deductions - Current year total (F0304_F1A_RV),Total expenses  deductions - Current year total (F0304_F1A_RV)
Central CT State Univ.,4,2006,29,8369,8398,4.28411772,51841931,6173,29,4823391,574,3,17354781,2067,10,15827070,1885,9,21783922,2594,12,17843565,2125,10,7622219,5436,29,0,5436,29,176126949,5436,,,,,,,,,,,,,,,,,,,,,,,,,,,,,,,,,,,,,,,,,,,,,,,,,,,,,,,,,,,,,,,,,,,,,,,,,,,,,,,,,,,,,,,,,,,,,,,,,,,,,,,,,,,,,,,,,,,,,,,,,,,,,,,,,,,,,,,,,,,,,,,,,,28384884,669184,11925942,10191598,11427133,1266034,9551928,78785,88104794
Central CT State Univ.,4,2007,29,8156,8185,-2.536318171,53820329,6575,29,5119818,626,3,18266113,2232,10,17477329,2135,9,23565046,2879,13,21128916,2581,11,8388672,5591,29,0,5591,29,186188386,5591,,,,,,,,,,,,,,,,,,,,,,,,,,,,,,,,,,,,,,,,,,,,,,,,,,,,,,,,,,,,,,,,,,,,,,,,,,,,,,,,,,,,,,,,,,,,,,,,,,,,,,,,,,,,,,,,,,,,,,,,,,,,,,,,,,,,,,,,,,,,,,,,,,43704071,3418523,30792147,14797086,20510909,13057026,7362480,0.01,164912631
Central CT State Univ.,4,2008,29,8410,8439,3.10323763,57175946,6775,29,7221670,856,4,18709140,2217,9,18650595,2210,9,26001118,3081,13,22642335,2683,11,8928481,5812,29,0,5812,29,198875571,5812,,,,,,,,,,,,,,,,,,,,,,,,,,,,,,,,,,,,,,,,,,,,,,,,,,,,,,,,,,,,,,,,,,,,,,,,,,,,,,,,,,,,,,,,,,,,,,,,,,,,,,,,,,,,,,,,,,,,,,,,,,,,,,,,,,,,,,,,,,,,,,,,,,18110210,786628,4316776,5456327,6798175,1526192,4037519,0.01,49725779
Central CT State Univ.,4,2009,29,8524,8553,1.350870956,60838310,7113,29,8061621,943,4,21949271,2566,10,19419495,2270,9,25428204,2973,12,23100585,2701,11,9256981,6104,29,0,6104,29,210116234,6104,,,,,,,,,,,,,,,,,,,,,,,,,,,,,,,,,,,,,,,,,,,,,,,,,,,,,,,,,,,,,,,,,,,,,,,,,,,,,,,,,,,,,,,,,,,,,,,,,,,,,,,,,,,,,,,,,,,,,,,,,,,,,,,,,,,,,,,,,,,,,,,,,,16236568,0.01,4693989,5032478,5554485,225477,4379055,0.01,45597337
Central CT State Univ.,4,2010,39,8695,8734,2.116216532,77367760,8858,39,8433307,966,4,21333326,2443,11,23932884,2740,12,30596156,3503,15,25004893,2863,13,10318413,7525,39,0,7525,39,198411623,7525,,,,,,,,,,,,,,,,,,,,,,,,,,,,,,,,,,,,,,,,,,,,,,,,,,,,,,,,,,,,,,,,,,,,,,,,,,,,,,,,,,,,,,,,,,,,,,,,,,,,,,,,,,,,,,,,,,,,,,,,,,,,,,,,,,,,,,,,,,,,,,,,,,32545542,856168,11268825,6279786,13671477,4667605,10598280,0.01,100592475
Central CT State Univ.,4,2011,40,8782,8822,1.007556675,83522903,9468,40,9008470,1021,4,21842627,2476,11,25550556,2896,12,31715375,3595,15,23802106,2698,11,10521347,8078,40,0,8078,40,207970326,8078,,,,,,,,,,,,,,,,,,,,,,,,,,,,,,,,,,,,,,,,,,,,,,,,,,,,,,,,,,,,,,,,,,,,,,,,,,,,,,,,,,,,,,,,,,,,,,,,,,,,,,,,,,,,,,,,,,,,,,,,,,,,,,,,,,,,,,,,,,,,,,,,,,30592718,394592,12483428,5726290,12088498,143392,4014248,0.01,77835552
Central CT State Univ.,4,2012,41,8647,8688,-1.518929948,81736345,9408,41,9531647,1097,5,21097435,2428,11,24861165,2862,12,29534208,3399,15,20883682,2404,10,10465013,7993,41,0,7993,41,200212069,7993,,,,,,,,,,,,,,,,,,,,,,,,,,,,,,,,,,,,,,,,,,,,,,,,,,,,,,,,,,,,,,,,,,,,,,,,,,,,,,,,,,,,,,,,,,,,,,,,,,,,,,,,,,,,,,,,,,,,,,,,,,,,,,,,,,,,,,,,,,,,,,,,,,49405140,280823,10853296,12627403,17239687,8855477,12900690,0.01,131897909
Central CT State Univ.,4,2013,43,8543,8586,-1.174033149,89797032,10459,43,9521698,1109,5,16521244,1924,8,25984079,3026,13,30974039,3608,15,21356360,2487,10,10894889,8990,43,0,8990,43,207192289,8990,,,,,,,,,,,,,,,,,,,,,,,,,,,,,,,,,,,,,,,,,,,,,,,,,,,,,,,,,,,,,,,,,,,,,,,,,,,,,,,,,,,,,,,,,,,,,,,,,,,,,,,,,,,,,,,,,,,,,,,,,,,,,,,,,,,,,,,,,,,,,,,,,,200872187,29480541,63932206,24958903,49439568,548932,102573786,0.01,716706319
Central CT State Univ.,4,2014,44,8426,8470,-1.351036571,97828452,11550,44,9031329,1066,4,19710927,2327,9,27868916,3290,12,33900029,4002,15,21777987,2571,10,11271080,9928,44,0,9928,44,223220211,9928,,,,,,,,,,,,,,,,,,,,,,,,,,,,,,,,,,,,,,,,,,,,,,,,,,,,,,,,,,,,,,,,,,,,,,,,,,,,,,,,,,,,,,,,,,,,,,,,,,,,,,,,,,,,,,,,,,,,,,,,,,,,,,,,,,,,,,,,,,,,,,,,,,185139000,14844000,41014000,36794000,41726000,9851000,82257000,0.01,602550000
Central CT State Univ.,4,2015,44,8490,8534,0.755608028,107337177,12578,44,9162831,1074,4,21675277,2540,9,29524736,3460,12,36416254,4267,15,24229943,2839,10,11608648,10814,44,0,10814,44,242021788,10814,,,,,,,,,,,,,,,,,,,,,,,,,,,,,,,,,,,,,,,,,,,,,,,,,,,,,,,,,,,,,,,,,,,,,,,,,,,,,,,,,,,,,,,,,,,,,,,,,,,,,,,,,,,,,,,,,,,,,,,,,,,,,,,,,,,,,,,,,,,,,,,,,,77381000,7256000,20897000,12934000,13002000,9070000,5545000,0.01,200735000
Central CT State Univ.,4,2016,45,8455,8500,-0.398406375,113572028,13361,45,8819846,1038,3,22265177,2619,9,31896373,3753,13,38464136,4525,15,12842526,1511,5,24675054,11451,45,0,11451,45,254781471,11451,,,,,,,,,,,,,,,,,,,,,,,,,,,,,,,,,,,,,,,,,,,,,,,,,,,,,,,,,,,,,,,,,,,,,,,,,,,,,,,,,,,,,,,,,,,,,,,,,,,,,,,,,,,,,,,,,,,,,,,,,,,,,,,,,,,,,,,,,,,,,,,,,,39251000,1281000,12915000,6624000,16449000,4575000,13615000,0.01,137248000
Central CT State Univ.,4,2017,46,8245,8291,-2.458823529,116642045,14069,46,7368187,889,3,22546032,2719,9,32015106,3861,13,37328379,4502,15,12828695,1547,5,23705778,12046,46,0,12046,46,254262525,12046,,,,,,,,,,,,,,,,,,,,,,,,,,,,,,,,,,,,,,,,,,,,,,,,,,,,,,,,,,,,,,,,,,,,,,,,,,,,,,,,,,,,,,,,,,,,,,,,,,,,,,,,,,,,,,,,,,,,,,,,,,,,,,,,,,,,,,,,,,,,,,,,,,55726000,2621000,15260000,12488000,17369000,3088000,5058000,0.01,162653000
Central CT State Univ.,4,2018,45,8296,8341,0.603063563,117823841,14126,45,6921815,830,3,22374896,2683,9,33151226,3974,13,38539029,4620,15,11224620,1346,4,27360490,12000,45,0,12000,45,259536344,12000,,,,,,,,,,,,,,,,,,,,,,,,,,,,,,,,,,,,,,,,,,,,,,,,,,,,,,,,,,,,,,,,,,,,,,,,,,,,,,,,,,,,,,,,,,,,,,,,,,,,,,,,,,,,,,,,,,,,,,,,,,,,,,,,,,,,,,,,,,,,,,,,,,82987781,5847415,34935547,20913363,28347636,9112691,48448281,0.01,327454250
Rhode Island College,4,2004,34,6562,6596,0,33298248,5048,34,891061,135,1,11930832,1809,12,6238236,946,6,11164824,1693,11,4456056,676,5,9574041,4456,34,0,4456,34,98204826,4456,,,,,,,,,,,,,,,,,,,,,,,,,,,,,,,,,,,,,,,,,,,,,,,,,,,,,,,,,,,,,,,,,,,,,,,,,,,,,,,,,,,,,,,,,,,,,,,,,,,,,,,,,,,,,,,,,,,,,,,,,,,,,,,,,,,,,,,,,,,,,,,,,,,,,,,,,,
Rhode Island College,4,2005,31,5992,6023,-8.687083081,33291306,5527,31,875177,145,1,10829183,1798,10,7021970,1166,7,15140297,2514,14,4906999,815,5,10391481,4862,31,0,4862,31,106016386,4862,,,,,,,,,,,,,,,,,,,,,,,,,,,,,,,,,,,,,,,,,,,,,,,,,,,,,,,,,,,,,,,,,,,,,,,,,,,,,,,,,,,,,,,,,,,,,,,,,,,,,,,,,,,,,,,,,,,,,,,,,,,,,,,,,,,,,,,,,,,,,,,,,,,,,,,,,,
Rhode Island College,4,2006,33,5896,5929,-1.560684044,36818645,6210,33,816426,138,1,12027271,2029,11,7387122,1246,7,13366586,2254,12,4486357,757,4,10983199,5524,33,0,5524,33,111226255,5524,,,,,,,,,,,,,,,,,,,,,,,,,,,,,,,,,,,,,,,,,,,,,,,,,,,,,,,,,,,,,,,,,,,,,,,,,,,,,,,,,,,,,,,,,,,,,,,,,,,,,,,,,,,,,,,,,,,,,,,,,,,,,,,,,,,,,,,,,,,,,,,,,,,,,,,,,,
Rhode Island College,4,2007,32,6166,6198,4.53702142,36122336,5828,32,807512,130,1,11069910,1786,10,7333396,1183,6,16371685,2641,14,4376726,706,4,11261385,5180,32,0,5180,32,113836784,5180,,,,,,,,,,,,,,,,,,,,,,,,,,,,,,,,,,,,,,,,,,,,,,,,,,,,,,,,,,,,,,,,,,,,,,,,,,,,,,,,,,,,,,,,,,,,,,,,,,,,,,,,,,,,,,,,,,,,,,,,,,,,,,,,,,,,,,,,,,,,,,,,,,,,,,,,,,
Rhode Island College,4,2008,31,6295,6326,2.065182317,36500862,5770,31,697848,110,1,11035134,1744,9,7569457,1197,6,17382878,2748,15,4696757,742,4,12070786,5166,31,16789847,5166,31,119283602,5166,,,,,,,,,,,,,,,,,,,,,,,,,,,,,,,,,,,,,,,,,,,,,,,,,,,,,,,,,,,,,,,,,,,,,,,,,,,,,,,,,,,,,,,,,,,,,,,,,,,,,,,,,,,,,,,,,,,,,,,,,,,,,,,,,,,,,,,,,,,,,,,,,,,,,,,,,,
Rhode Island College,4,2009,30,6318,6348,0.347771103,36954423,5821,30,713330,112,1,12061561,1900,10,7226361,1138,6,17804012,2805,15,5350557,843,4,12084907,5207,30,19272793,5207,30,122687290,5207,,,,,,,,,,,,,,,,,,,,,,,,,,,,,,,,,,,,,,,,,,,,,,,,,,,,,,,,,,,,,,,,,,,,,,,,,,,,,,,,,,,,,,,,,,,,,,,,,,,,,,,,,,,,,,,,,,,,,,,,,,,,,,,,,,,,,,,,,,,,,,,,,,,,,,,,,,
Rhode Island College,4,2010,37,6635,6672,5.103969754,46991480,7043,37,855224,128,1,14366670,2153,11,8794228,1318,7,19659374,2947,15,5806613,870,5,15793686,6325,37,0,6325,37,127513969,6325,,,,,,,,,,,,,,,,,,,,,,,,,,,,,,,,,,,,,,,,,,,,,,,,,,,,,,,,,,,,,,,,,,,,,,,,,,,,,,,,,,,,,,,,,,,,,,,,,,,,,,,,,,,,,,,,,,,,,,,,,,,,,,,,,,,,,,,,,,,,,,,,,,,,,,,,,,
Rhode Island College,4,2011,38,6631,6669,-0.044964029,48812217,7319,38,1006914,151,1,14932617,2239,12,9209053,1381,7,18074280,2710,14,6507567,976,5,17903432,6607,38,0,6607,38,129843877,6607,,,,,,,,,,,,,,,,,,,,,,,,,,,,,,,,,,,,,,,,,,,,,,,,,,,,,,,,,,,,,,,,,,,,,,,,,,,,,,,,,,,,,,,,,,,,,,,,,,,,,,,,,,,,,,,,,,,,,,,,,,,,,,,,,,,,,,,,,,,,,,,,,,,,,,,,,,
Rhode Island College,4,2012,38,6547,6585,-1.259559154,51302768,7791,38,1320544,201,1,15494277,2353,11,9840576,1494,7,20650774,3136,15,6813273,1035,5,16761623,7050,38,0,7050,38,136660826,7050,,,,,,,,,,,,,,,,,,,,,,,,,,,,,,,,,,,,,,,,,,,,,,,,,,,,,,,,,,,,,,,,,,,,,,,,,,,,,,,,,,,,,,,,,,,,,,,,,,,,,,,,,,,,,,,,,,,,,,,,,,,,,,,,,,,,,,,,,,,,,,,,,,,,,,,,,,
Rhode Island College,4,2013,39,6422,6461,-1.883067578,54834552,8487,39,1514308,234,1,16859724,2609,12,10559861,1634,8,19252087,2980,14,6423977,994,5,17206362,7628,39,0,7628,39,140617297,7628,,,,,,,,,,,,,,,,,,,,,,,,,,,,,,,,,,,,,,,,,,,,,,,,,,,,,,,,,,,,,,,,,,,,,,,,,,,,,,,,,,,,,,,,,,,,,,,,,,,,,,,,,,,,,,,,,,,,,,,,,,,,,,,,,,,,,,,,,,,,,,,,,,,,,,,,,,
Rhode Island College,4,2014,39,6492,6531,1.083423619,54457242,8338,39,1473189,226,1,13227595,2025,9,10923835,1673,8,19290992,2954,14,7640628,1170,5,19876990,7544,39,0,7544,39,140738315,7544,,,,,,,,,,,,,,,,,,,,,,,,,,,,,,,,,,,,,,,,,,,,,,,,,,,,,,,,,,,,,,,,,,,,,,,,,,,,,,,,,,,,,,,,,,,,,,,,,,,,,,,,,,,,,,,,,,,,,,,,,,,,,,,,,,,,,,,,,,,,,,,,,,,,,,,,,,
Rhode Island College,4,2015,40,6467,6507,-0.367478181,55426983,8518,40,1624238,250,1,13084837,2011,9,10760702,1654,8,18962376,2914,14,6602156,1015,5,19545720,7729,40,0,7729,40,139007376,7729,,,,,,,,,,,,,,,,,,,,,,,,,,,,,,,,,,,,,,,,,,,,,,,,,,,,,,,,,,,,,,,,,,,,,,,,,,,,,,,,,,,,,,,,,,,,,,,,,,,,,,,,,,,,,,,,,,,,,,,,,,,,,,,,,,,,,,,,,,,,,,,,,,,,,,,,,,
Rhode Island College,4,2016,39,6517,6556,0.753035193,57279897,8737,39,1709977,261,1,13803506,2105,9,10759229,1641,7,22152141,3379,15,19050453,2906,13,6587507,7980,39,0,7980,39,145599438,7980,,,,,,,,,,,,,,,,,,,,,,,,,,,,,,,,,,,,,,,,,,,,,,,,,,,,,,,,,,,,,,,,,,,,,,,,,,,,,,,,,,,,,,,,,,,,,,,,,,,,,,,,,,,,,,,,,,,,,,,,,,,,,,,,,,,,,,,,,,,,,,,,,,,,,,,,,,
Rhode Island College,4,2017,43,6343,6386,-2.593044539,64513708,10102,43,1796813,281,1,15339717,2402,10,12368590,1937,8,17532708,2745,12,18544632,2904,12,5549508,9237,43,0,9237,43,149235880,9237,,,,,,,,,,,,,,,,,,,,,,,,,,,,,,,,,,,,,,,,,,,,,,,,,,,,,,,,,,,,,,,,,,,,,,,,,,,,,,,,,,,,,,,,,,,,,,,,,,,,,,,,,,,,,,,,,,,,,,,,,,,,,,,,,,,,,,,,,,,,,,,,,,,,,,,,,,
Rhode Island College,4,2018,42,6136,6178,-3.257124961,65080700,10534,42,1246993,202,1,15425888,2497,10,12943851,2095,8,20830865,3372,13,20090065,3252,13,4780899,9520,42,0,9520,42,154927595,9520,,,,,,,,,,,,,,,,,,,,,,,,,,,,,,,,,,,,,,,,,,,,,,,,,,,,,,,,,,,,,,,,,,,,,,,,,,,,,,,,,,,,,,,,,,,,,,,,,,,,,,,,,,,,,,,,,,,,,,,,,,,,,,,,,,,,,,,,,,,,,,,,,,,,,,,,,,
Salem State Univ.,0,2004,39,5527,5566,0,30602831,5498,39,512872,92,1,11104645,1995,14,6412905,1152,8,12083884,2171,15,137464,25,0,3931030,4164,39,0,4164,39,77966704,4164,,,,,,,,,,,,,,,,,,,,,,,,,,,,,,,,,,,,,,,,,,,,,,,,,,,,,,,,,,,,,,,,,,,,,,,,,,,,,,,,,,,,,,,,,,,,,,,,,,,,,,,,,,,,,,,,,,,,,,,,,,,,,,,,,,,,,,,,,,,,,,,,,,,,,,,,,,
Salem State Univ.,0,2005,36,7359,7395,32.86022278,32624491,4412,36,403412,55,0,16440986,2223,18,6665085,901,7,13860791,1874,15,272850,37,0,8167038,3350,36,0,3350,36,89964960,3350,,,,,,,,,,,,,,,,,,,,,,,,,,,,,,,,,,,,,,,,,,,,,,,,,,,,,,,,,,,,,,,,,,,,,,,,,,,,,,,,,,,,,,,,,,,,,,,,,,,,,,,,,,,,,,,,,,,,,,,,,,,,,,,,,,,,,,,,,,,,,,,,,,,,,,,,,,
Salem State Univ.,0,2006,36,7856,7892,6.720757268,37292034,4725,36,338770,43,0,16604800,2104,16,8192520,1038,8,17419644,2207,17,186374,24,0,8590470,3584,36,0,3584,36,103739845,3584,,,,,,,,,,,,,,,,,,,,,,,,,,,,,,,,,,,,,,,,,,,,,,,,,,,,,,,,,,,,,,,,,,,,,,,,,,,,,,,,,,,,,,,,,,,,,,,,,,,,,,,,,,,,,,,,,,,,,,,,,,,,,,,,,,,,,,,,,,,,,,,,,,,,,,,,,,
Salem State Univ.,0,2007,38,6540,6578,-16.64977192,42475278,6457,38,384608,58,0,16973190,2580,15,9203010,1399,8,19042527,2895,17,297766,45,0,8875151,5021,38,0,5021,38,111986974,5021,,,,,,,,,,,,,,,,,,,,,,,,,,,,,,,,,,,,,,,,,,,,,,,,,,,,,,,,,,,,,,,,,,,,,,,,,,,,,,,,,,,,,,,,,,,,,,,,,,,,,,,,,,,,,,,,,,,,,,,,,,,,,,,,,,,,,,,,,,,,,,,,,,,,,,,,,,
Salem State Univ.,0,2008,41,6581,6622,0.668896321,48136420,7269,41,395490,60,0,15848739,2393,13,10168339,1536,9,19694083,2974,17,375893,57,0,8678906,5654,41,0,5654,41,117729850,5654,,,,,,,,,,,,,,,,,,,,,,,,,,,,,,,,,,,,,,,,,,,,,,,,,,,,,,,,,,,,,,,,,,,,,,,,,,,,,,,,,,,,,,,,,,,,,,,,,,,,,,,,,,,,,,,,,,,,,,,,,,,,,,,,,,,,,,,,,,,,,,,,,,,,,,,,,,
Salem State Univ.,0,2009,37,6797,6834,3.201449713,45449384,6650,37,366395,54,0,14138842,2069,12,11131037,1629,9,20094167,2940,16,4646651,680,4,7924553,5296,37,0,5296,37,121812311,5296,,,,,,,,,,,,,,,,,,,,,,,,,,,,,,,,,,,,,,,,,,,,,,,,,,,,,,,,,,,,,,,,,,,,,,,,,,,,,,,,,,,,,,,,,,,,,,,,,,,,,,,,,,,,,,,,,,,,,,,,,,,,,,,,,,,,,,,,,,,,,,,,,,,,,,,,,,
Salem State Univ.,0,2010,46,6887,6933,1.448639157,54743468,7896,46,451296,65,0,13728557,1980,12,13232035,1909,11,21163812,3053,18,5734451,827,5,9123702,6443,46,0,6443,46,118177321,6443,,,,,,,,,,,,,,,,,,,,,,,,,,,,,,,,,,,,,,,,,,,,,,,,,,,,,,,,,,,,,,,,,,,,,,,,,,,,,,,,,,,,,,,,,,,,,,,,,,,,,,,,,,,,,,,,,,,,,,,,,,,,,,,,,,,,,,,,,,,,,,,,,,,,,,,,,,
Salem State Univ.,0,2011,46,6865,6911,-0.317322948,60027118,8686,46,527275,76,0,14234708,2060,11,13848991,2004,11,22229987,3217,17,5158876,746,4,14531904,7230,46,0,7230,46,130558859,7230,,,,,,,,,,,,,,,,,,,,,,,,,,,,,,,,,,,,,,,,,,,,,,,,,,,,,,,,,,,,,,,,,,,,,,,,,,,,,,,,,,,,,,,,,,,,,,,,,,,,,,,,,,,,,,,,,,,,,,,,,,,,,,,,,,,,,,,,,,,,,,,,,,,,,,,,,,
Salem State Univ.,0,2012,45,6773,6818,-1.345680799,62157431,9117,45,618340,91,0,15351582,2252,11,15118683,2217,11,24262408,3559,18,4681159,687,3,15271965,7677,45,0,7677,45,137461568,7677,,,,,,,,,,,,,,,,,,,,,,,,,,,,,,,,,,,,,,,,,,,,,,,,,,,,,,,,,,,,,,,,,,,,,,,,,,,,,,,,,,,,,,,,,,,,,,,,,,,,,,,,,,,,,,,,,,,,,,,,,,,,,,,,,,,,,,,,,,,,,,,,,,,,,,,,,,
Salem State Univ.,0,2013,44,6870,6914,1.408037548,62294536,9010,44,791276,114,1,15835704,2290,11,15795408,2285,11,25351950,3667,18,4906500,710,3,15405490,7761,44,0,7761,44,140380864,7761,,,,,,,,,,,,,,,,,,,,,,,,,,,,,,,,,,,,,,,,,,,,,,,,,,,,,,,,,,,,,,,,,,,,,,,,,,,,,,,,,,,,,,,,,,,,,,,,,,,,,,,,,,,,,,,,,,,,,,,,,,,,,,,,,,,,,,,,,,,,,,,,,,,,,,,,,,
Salem State Univ.,0,2014,45,6753,6798,-1.677755279,67870576,9984,45,762656,112,1,16929172,2490,11,16783246,2469,11,26772195,3938,18,4825457,710,3,16504593,8666,45,0,8666,45,150447895,8666,,,,,,,,,,,,,,,,,,,,,,,,,,,,,,,,,,,,,,,,,,,,,,,,,,,,,,,,,,,,,,,,,,,,,,,,,,,,,,,,,,,,,,,,,,,,,,,,,,,,,,,,,,,,,,,,,,,,,,,,,,,,,,,,,,,,,,,,,,,,,,,,,,,,,,,,,,
Salem State Univ.,0,2015,44,6757,6801,0.044130627,69958768,10287,44,752153,111,0,18162302,2671,11,18984029,2791,12,28671250,4216,18,5114858,752,3,17105766,8865,44,0,8865,44,158749126,8865,,,,,,,,,,,,,,,,,,,,,,,,,,,,,,,,,,,,,,,,,,,,,,,,,,,,,,,,,,,,,,,,,,,,,,,,,,,,,,,,,,,,,,,,,,,,,,,,,,,,,,,,,,,,,,,,,,,,,,,,,,,,,,,,,,,,,,,,,,,,,,,,,,,,,,,,,,
Salem State Univ.,0,2016,36,6674,6710,-1.338038524,62105259,9256,36,1640439,244,1,15796526,2354,9,19277618,2873,11,25968389,3870,15,18060246,2692,11,3223287,7924,36,25752248,7924,36,171824012,7924,,,,,,,,,,,,,,,,,,,,,,,,,,,,,,,,,,,,,,,,,,,,,,,,,,,,,,,,,,,,,,,,,,,,,,,,,,,,,,,,,,,,,,,,,,,,,,,,,,,,,,,,,,,,,,,,,,,,,,,,,,,,,,,,,,,,,,,,,,,,,,,,,,,,,,,,,,
Salem State Univ.,0,2017,36,6580,6616,-1.400894188,64462316,9743,36,1755239,265,1,16898704,2554,9,19222838,2906,11,27765194,4197,15,18784153,2839,10,3142113,8328,36,28614358,8328,36,180644915,8328,,,,,,,,,,,,,,,,,,,,,,,,,,,,,,,,,,,,,,,,,,,,,,,,,,,,,,,,,,,,,,,,,,,,,,,,,,,,,,,,,,,,,,,,,,,,,,,,,,,,,,,,,,,,,,,,,,,,,,,,,,,,,,,,,,,,,,,,,,,,,,,,,,,,,,,,,,
Salem State Univ.,0,2018,36,6414,6450,-2.509068924,66193228,10263,36,1609283,250,1,17560046,2722,9,19189208,2975,10,26751743,4148,14,19638761,3045,11,3690163,8707,36,30801668,8707,36,185434100,8707,,,,,,,,,,,,,,,,,,,,,,,,,,,,,,,,,,,,,,,,,,,,,,,,,,,,,,,,,,,,,,,,,,,,,,,,,,,,,,,,,,,,,,,,,,,,,,,,,,,,,,,,,,,,,,,,,,,,,,,,,,,,,,,,,,,,,,,,,,,,,,,,,,,,,,,,,,
Southern CT State Univ.,4,2004,39,6939,6978,0,51481640,7378,39,443719,64,0,9668569,1386,7,12187320,1747,9,17111414,2452,13,8612009,1234,7,11776927,5428,39,0,5428,39,132238169,5428,,,,,,,,,,,,,,,,,,,,,,,,,,,,,,,,,,,,,,,,,,,,,,,,,,,,,,,,,,,,,,,,,,,,,,,,,,,,,,,,,,,,,,,,,,,,,,,,,,,,,,,,,,,,,,,,,,,,,,,,,,,,,,,,,,,,,,,,,,,,,,,,,,,,,,,,,,
Southern CT State Univ.,4,2005,34,6931,6965,-0.186299799,54168799,7777,34,340470,49,0,14282940,2051,9,14739255,2116,9,25893373,3718,16,9132458,1311,6,16629389,5845,34,0,5845,34,161025689,5845,,,,,,,,,,,,,,,,,,,,,,,,,,,,,,,,,,,,,,,,,,,,,,,,,,,,,,,,,,,,,,,,,,,,,,,,,,,,,,,,,,,,,,,,,,,,,,,,,,,,,,,,,,,,,,,,,,,,,,,,,,,,,,,,,,,,,,,,,,,,,,,,,,,,,,,,,,
Southern CT State Univ.,4,2006,36,7124,7160,2.79971285,59649200,8331,36,222035,31,0,14416575,2013,9,16798855,2346,10,19821328,2768,12,9847774,1375,6,16091211,6234,36,0,6234,36,167582860,6234,,,,,,,,,,,,,,,,,,,,,,,,,,,,,,,,,,,,,,,,,,,,,,,,,,,,,,,,,,,,,,,,,,,,,,,,,,,,,,,,,,,,,,,,,,,,,,,,,,,,,,,,,,,,,,,,,,,,,,,,,,,,,,,,,,,,,,,,,,,,,,,,,,,,,,,,,,
Southern CT State Univ.,4,2007,34,7473,7507,4.846368715,61154709,8146,34,417160,56,0,15552554,2072,9,18716555,2493,10,20235796,2696,11,11013611,1467,6,17106069,6253,34,0,6253,34,179224713,6253,,,,,,,,,,,,,,,,,,,,,,,,,,,,,,,,,,,,,,,,,,,,,,,,,,,,,,,,,,,,,,,,,,,,,,,,,,,,,,,,,,,,,,,,,,,,,,,,,,,,,,,,,,,,,,,,,,,,,,,,,,,,,,,,,,,,,,,,,,,,,,,,,,,,,,,,,,
Southern CT State Univ.,4,2008,34,6976,7010,-6.620487545,64827260,9248,34,605260,86,0,15038614,2145,8,19384837,2765,10,22933276,3272,12,13484956,1924,7,19520202,7140,34,0,7140,34,192754315,7140,,,,,,,,,,,,,,,,,,,,,,,,,,,,,,,,,,,,,,,,,,,,,,,,,,,,,,,,,,,,,,,,,,,,,,,,,,,,,,,,,,,,,,,,,,,,,,,,,,,,,,,,,,,,,,,,,,,,,,,,,,,,,,,,,,,,,,,,,,,,,,,,,,,,,,,,,,
Southern CT State Univ.,4,2009,34,7202,7236,3.223965763,69683798,9630,34,733397,101,0,15969460,2207,8,19133096,2644,9,22555481,3117,11,14098541,1948,7,20230833,7511,34,0,7511,34,203083639,7511,,,,,,,,,,,,,,,,,,,,,,,,,,,,,,,,,,,,,,,,,,,,,,,,,,,,,,,,,,,,,,,,,,,,,,,,,,,,,,,,,,,,,,,,,,,,,,,,,,,,,,,,,,,,,,,,,,,,,,,,,,,,,,,,,,,,,,,,,,,,,,,,,,,,,,,,,,
Southern CT State Univ.,4,2010,44,7323,7367,1.810392482,82864514,11248,44,428972,58,0,13668433,1855,7,22276959,3024,12,26642080,3616,14,16846986,2287,9,23003671,8768,44,0,8768,44,188447417,8768,,,,,,,,,,,,,,,,,,,,,,,,,,,,,,,,,,,,,,,,,,,,,,,,,,,,,,,,,,,,,,,,,,,,,,,,,,,,,,,,,,,,,,,,,,,,,,,,,,,,,,,,,,,,,,,,,,,,,,,,,,,,,,,,,,,,,,,,,,,,,,,,,,,,,,,,,,
Southern CT State Univ.,4,2011,44,7403,7447,1.085923714,87474859,11746,44,406408,55,0,15474680,2078,8,22649955,3041,11,26985259,3624,14,19742418,2651,10,23872319,9239,44,0,9239,44,199149832,9239,,,,,,,,,,,,,,,,,,,,,,,,,,,,,,,,,,,,,,,,,,,,,,,,,,,,,,,,,,,,,,,,,,,,,,,,,,,,,,,,,,,,,,,,,,,,,,,,,,,,,,,,,,,,,,,,,,,,,,,,,,,,,,,,,,,,,,,,,,,,,,,,,,,,,,,,,,
Southern CT State Univ.,4,2012,44,7512,7556,1.463676648,87086383,11525,44,720453,95,0,15003872,1986,8,22521908,2981,11,25840376,3420,13,21396646,2832,11,24775948,9669,44,0,9669,44,199703451,9669,,,,,,,,,,,,,,,,,,,,,,,,,,,,,,,,,,,,,,,,,,,,,,,,,,,,,,,,,,,,,,,,,,,,,,,,,,,,,,,,,,,,,,,,,,,,,,,,,,,,,,,,,,,,,,,,,,,,,,,,,,,,,,,,,,,,,,,,,,,,,,,,,,,,,,,,,,
Southern CT State Univ.,4,2013,45,7281,7326,-3.043938592,92968779,12690,45,826860,113,0,15390274,2101,7,23360961,3189,11,26751447,3652,13,19203716,2621,9,24438454,10676,45,0,10676,45,205346008,10676,,,,,,,,,,,,,,,,,,,,,,,,,,,,,,,,,,,,,,,,,,,,,,,,,,,,,,,,,,,,,,,,,,,,,,,,,,,,,,,,,,,,,,,,,,,,,,,,,,,,,,,,,,,,,,,,,,,,,,,,,,,,,,,,,,,,,,,,,,,,,,,,,,,,,,,,,,
Southern CT State Univ.,4,2014,45,7098,7143,-2.497952498,97402256,13636,45,953435,133,0,17023946,2383,8,24216184,3390,11,28521191,3993,13,19762264,2767,9,25347545,11023,45,0,11023,45,215469423,11023,,,,,,,,,,,,,,,,,,,,,,,,,,,,,,,,,,,,,,,,,,,,,,,,,,,,,,,,,,,,,,,,,,,,,,,,,,,,,,,,,,,,,,,,,,,,,,,,,,,,,,,,,,,,,,,,,,,,,,,,,,,,,,,,,,,,,,,,,,,,,,,,,,,,,,,,,,
Southern CT State Univ.,4,2015,46,6966,7012,-1.833963321,108139752,15422,46,908818,130,0,19026421,2713,8,27261558,3888,12,31941329,4555,13,21985872,3135,9,25181519,12397,46,0,12397,46,236809047,12397,,,,,,,,,,,,,,,,,,,,,,,,,,,,,,,,,,,,,,,,,,,,,,,,,,,,,,,,,,,,,,,,,,,,,,,,,,,,,,,,,,,,,,,,,,,,,,,,,,,,,,,,,,,,,,,,,,,,,,,,,,,,,,,,,,,,,,,,,,,,,,,,,,,,,,,,,,
Southern CT State Univ.,4,2016,45,7082,7127,1.640045636,110755197,15540,45,860646,121,0,22767708,3195,9,29418646,4128,12,32115167,4506,13,27914935,3917,11,21837346,12744,45,0,12744,45,248220234,12744,,,,,,,,,,,,,,,,,,,,,,,,,,,,,,,,,,,,,,,,,,,,,,,,,,,,,,,,,,,,,,,,,,,,,,,,,,,,,,,,,,,,,,,,,,,,,,,,,,,,,,,,,,,,,,,,,,,,,,,,,,,,,,,,,,,,,,,,,,,,,,,,,,,,,,,,,,
Southern CT State Univ.,4,2017,45,7222,7267,1.964360881,108512871,14932,45,607208,84,0,20842845,2868,9,29745741,4093,12,31255631,4301,13,26268464,3615,11,20365864,12109,45,0,12109,45,240075884,12109,,,,,,,,,,,,,,,,,,,,,,,,,,,,,,,,,,,,,,,,,,,,,,,,,,,,,,,,,,,,,,,,,,,,,,,,,,,,,,,,,,,,,,,,,,,,,,,,,,,,,,,,,,,,,,,,,,,,,,,,,,,,,,,,,,,,,,,,,,,,,,,,,,,,,,,,,,
Southern CT State Univ.,4,2018,47,7261,7308,0.564194303,111275381,15227,47,693985,95,0,20018517,2739,8,30540322,4179,13,29016294,3970,12,22085666,3022,9,22532512,12643,47,0,12643,47,238366286,12643,,,,,,,,,,,,,,,,,,,,,,,,,,,,,,,,,,,,,,,,,,,,,,,,,,,,,,,,,,,,,,,,,,,,,,,,,,,,,,,,,,,,,,,,,,,,,,,,,,,,,,,,,,,,,,,,,,,,,,,,,,,,,,,,,,,,,,,,,,,,,,,,,,,,,,,,,,
Univ. of Rhode Island,4,2004,25,10763,10788,0,78521491,7279,25,6359552,590,2,33857699,3138,11,18654226,1729,6,24959686,2314,8,7713975,715,2,45574876,6398,25,0,6398,25,316257725,6398,,,,,,,,,,,,,,,,,,,,,,,,,,,,,,,,,,,,,,,,,,,,,,,,,,,,,,,,,,,,,,,,,,,,,,,,,,,,,,,,,,,,,,,,,,,,,,,,,,,,,,,,,,,,,,,,,,,,,,,,,,,,,,,,,,,,,,,,,,,,,,,,,,,,,,,,,,
Univ. of Rhode Island,4,2005,25,10868,10893,0.973303671,84308997,7740,25,5198606,477,2,36319051,3334,11,22126405,2031,6,33825673,3105,10,9585186,880,3,49513845,6804,25,0,6804,25,343370814,6804,,,,,,,,,,,,,,,,,,,,,,,,,,,,,,,,,,,,,,,,,,,,,,,,,,,,,,,,,,,,,,,,,,,,,,,,,,,,,,,,,,,,,,,,,,,,,,,,,,,,,,,,,,,,,,,,,,,,,,,,,,,,,,,,,,,,,,,,,,,,,,,,,,,,,,,,,,
Univ. of Rhode Island,4,2006,24,11096,11120,2.083907096,86203232,7752,24,4996060,449,1,35530848,3195,10,23107465,2078,6,36053687,3242,10,10414491,937,3,53041664,6834,24,0,6834,24,362502043,6834,,,,,,,,,,,,,,,,,,,,,,,,,,,,,,,,,,,,,,,,,,,,,,,,,,,,,,,,,,,,,,,,,,,,,,,,,,,,,,,,,,,,,,,,,,,,,,,,,,,,,,,,,,,,,,,,,,,,,,,,,,,,,,,,,,,,,,,,,,,,,,,,,,,,,,,,,,
Univ. of Rhode Island,4,2007,24,11497,11521,3.606115108,88859508,7713,24,5326923,462,1,36181529,3140,10,23652360,2053,6,37930962,3292,10,10886890,945,3,57432683,6845,24,0,6845,24,377001205,6845,,,,,,,,,,,,,,,,,,,,,,,,,,,,,,,,,,,,,,,,,,,,,,,,,,,,,,,,,,,,,,,,,,,,,,,,,,,,,,,,,,,,,,,,,,,,,,,,,,,,,,,,,,,,,,,,,,,,,,,,,,,,,,,,,,,,,,,,,,,,,,,,,,,,,,,,,,
Univ. of Rhode Island,4,2008,23,12184,12207,5.954344241,95998846,7864,23,7282571,597,2,35755884,2929,9,26848700,2199,7,46195208,3784,11,12818002,1050,3,62381924,6895,23,0,6895,23,411900354,6895,,,,,,,,,,,,,,,,,,,,,,,,,,,,,,,,,,,,,,,,,,,,,,,,,,,,,,,,,,,,,,,,,,,,,,,,,,,,,,,,,,,,,,,,,,,,,,,,,,,,,,,,,,,,,,,,,,,,,,,,,,,,,,,,,,,,,,,,,,,,,,,,,,,,,,,,,,
Univ. of Rhode Island,4,2009,23,12563,12586,3.104775948,94337934,7495,23,6904056,549,2,35081587,2787,9,26998583,2145,7,41702952,3313,10,12720947,1011,3,62754938,6556,23,0,6556,23,409366840,6556,,,,,,,,,,,,,,,,,,,,,,,,,,,,,,,,,,,,,,,,,,,,,,,,,,,,,,,,,,,,,,,,,,,,,,,,,,,,,,,,,,,,,,,,,,,,,,,,,,,,,,,,,,,,,,,,,,,,,,,,,,,,,,,,,,,,,,,,,,,,,,,,,,,,,,,,,,
Univ. of Rhode Island,4,2010,26,13184,13210,4.957889719,112872370,8544,26,7945211,601,2,41618351,3151,10,29661665,2245,7,52357056,3963,12,13733146,1040,3,83927786,7423,26,0,7423,26,427900255,7423,,,,,,,,,,,,,,,,,,,,,,,,,,,,,,,,,,,,,,,,,,,,,,,,,,,,,,,,,,,,,,,,,,,,,,,,,,,,,,,,,,,,,,,,,,,,,,,,,,,,,,,,,,,,,,,,,,,,,,,,,,,,,,,,,,,,,,,,,,,,,,,,,,,,,,,,,,
Univ. of Rhode Island,4,2011,26,13184,13210,0,115812831,8767,26,8831144,669,2,45325815,3431,10,31356085,2374,7,50045212,3788,11,22111643,1674,5,85426422,7593,26,0,7593,26,442103400,7593,,,,,,,,,,,,,,,,,,,,,,,,,,,,,,,,,,,,,,,,,,,,,,,,,,,,,,,,,,,,,,,,,,,,,,,,,,,,,,,,,,,,,,,,,,,,,,,,,,,,,,,,,,,,,,,,,,,,,,,,,,,,,,,,,,,,,,,,,,,,,,,,,,,,,,,,,,
Univ. of Rhode Island,4,2012,25,13280,13305,0.719152157,116856941,8783,25,10090033,758,2,45009005,3383,10,34867705,2621,8,52159350,3920,11,18124678,1362,4,87718228,7683,25,0,7683,25,463744968,7683,,,,,,,,,,,,,,,,,,,,,,,,,,,,,,,,,,,,,,,,,,,,,,,,,,,,,,,,,,,,,,,,,,,,,,,,,,,,,,,,,,,,,,,,,,,,,,,,,,,,,,,,,,,,,,,,,,,,,,,,,,,,,,,,,,,,,,,,,,,,,,,,,,,,,,,,,,
Univ. of Rhode Island,4,2013,25,13047,13072,-1.751221345,116716053,8929,25,10168071,778,2,47473031,3632,10,34838335,2665,8,47813353,3658,10,17079632,1307,4,93097124,7792,25,0,7792,25,462408146,7792,,,,,,,,,,,,,,,,,,,,,,,,,,,,,,,,,,,,,,,,,,,,,,,,,,,,,,,,,,,,,,,,,,,,,,,,,,,,,,,,,,,,,,,,,,,,,,,,,,,,,,,,,,,,,,,,,,,,,,,,,,,,,,,,,,,,,,,,,,,,,,,,,,,,,,,,,,
Univ. of Rhode Island,4,2014,26,13035,13061,-0.084149327,128329184,9825,26,9693094,742,2,49217929,3768,10,37104899,2841,8,48243098,3694,10,23381780,1790,5,95836347,8588,26,0,8588,26,484653502,8588,,,,,,,,,,,,,,,,,,,,,,,,,,,,,,,,,,,,,,,,,,,,,,,,,,,,,,,,,,,,,,,,,,,,,,,,,,,,,,,,,,,,,,,,,,,,,,,,,,,,,,,,,,,,,,,,,,,,,,,,,,,,,,,,,,,,,,,,,,,,,,,,,,,,,,,,,,
Univ. of Rhode Island,4,2015,27,13338,13365,2.327540005,127115025,9511,27,9698678,726,2,50671007,3791,11,37074932,2774,8,42170236,3155,9,23439621,1754,5,101142039,8366,27,0,8366,27,477892491,8366,,,,,,,,,,,,,,,,,,,,,,,,,,,,,,,,,,,,,,,,,,,,,,,,,,,,,,,,,,,,,,,,,,,,,,,,,,,,,,,,,,,,,,,,,,,,,,,,,,,,,,,,,,,,,,,,,,,,,,,,,,,,,,,,,,,,,,,,,,,,,,,,,,,,,,,,,,
Univ. of Rhode Island,4,2016,26,13419,13445,0.598578376,132922956,9886,26,10266610,764,2,53332341,3967,10,38217194,2842,8,52637793,3915,10,105868142,7874,21,25294429,8697,26,0,8697,26,508367499,8697,,,,,,,,,,,,,,,,,,,,,,,,,,,,,,,,,,,,,,,,,,,,,,,,,,,,,,,,,,,,,,,,,,,,,,,,,,,,,,,,,,,,,,,,,,,,,,,,,,,,,,,,,,,,,,,,,,,,,,,,,,,,,,,,,,,,,,,,,,,,,,,,,,,,,,,,,,
Univ. of Rhode Island,4,2017,27,13578,13605,1.19003347,140285687,10311,27,10209591,750,2,59011931,4338,11,39584594,2910,8,53214826,3911,10,97024303,7132,19,26299517,9089,27,0,9089,27,518657090,9089,,,,,,,,,,,,,,,,,,,,,,,,,,,,,,,,,,,,,,,,,,,,,,,,,,,,,,,,,,,,,,,,,,,,,,,,,,,,,,,,,,,,,,,,,,,,,,,,,,,,,,,,,,,,,,,,,,,,,,,,,,,,,,,,,,,,,,,,,,,,,,,,,,,,,,,,,,
Univ. of Rhode Island,4,2018,27,14000,14027,3.101800809,148214266,10566,27,10650110,759,2,61707030,4399,11,42718926,3045,8,58427201,4165,11,101002846,7201,19,26178002,9301,27,0,9301,27,543175156,9301,,,,,,,,,,,,,,,,,,,,,,,,,,,,,,,,,,,,,,,,,,,,,,,,,,,,,,,,,,,,,,,,,,,,,,,,,,,,,,,,,,,,,,,,,,,,,,,,,,,,,,,,,,,,,,,,,,,,,,,,,,,,,,,,,,,,,,,,,,,,,,,,,,,,,,,,,,
Western CT State Univ.,4,2004,30,4411,4441,0,22761601,5125,30,241281,54,0,6166057,1388,8,6938978,1562,9,13862081,3121,18,4939129,1112,7,5178443,4649,30,269749,4649,30,75054286,4649,,,,,,,,,,,,,,,,,,,,,,,,,,,,,,,,,,,,,,,,,,,,,,,,,,,,,,,,,,,,,,,,,,,,,,,,,,,,,,,,,,,,,,,,,,,,,,,,,,,,,,,,,,,,,,,,,,,,,,,,,,,,,,,,,,,,,,,,,,,,,,,,,,,,,,,,,,
Western CT State Univ.,4,2005,25,4359,4384,-1.283494708,24351687,5555,25,435030,99,0,8118931,1852,8,7248715,1653,8,14029014,3200,15,7053148,1609,7,5576598,5093,25,0,5093,25,95814121,5093,,,,,,,,,,,,,,,,,,,,,,,,,,,,,,,,,,,,,,,,,,,,,,,,,,,,,,,,,,,,,,,,,,,,,,,,,,,,,,,,,,,,,,,,,,,,,,,,,,,,,,,,,,,,,,,,,,,,,,,,,,,,,,,,,,,,,,,,,,,,,,,,,,,,,,,,,,
Western CT State Univ.,4,2006,27,4431,4458,1.687956204,32509925,7292,27,383104,86,0,7434463,1668,6,9072509,2035,8,15705417,3523,13,6068762,1361,5,8172360,6718,27,0,6718,27,120915378,6718,,,,,,,,,,,,,,,,,,,,,,,,,,,,,,,,,,,,,,,,,,,,,,,,,,,,,,,,,,,,,,,,,,,,,,,,,,,,,,,,,,,,,,,,,,,,,,,,,,,,,,,,,,,,,,,,,,,,,,,,,,,,,,,,,,,,,,,,,,,,,,,,,,,,,,,,,,
Western CT State Univ.,4,2007,26,2519,4675,4.867653656,28263431,11105,26,393948,155,0,6464285,2540,6,9316765,3661,9,16850215,6621,16,4128834,1622,4,6722443,10372,26,0,10372,26,106657935,10372,,,,,,,,,,,,,,,,,,,,,,,,,,,,,,,,,,,,,,,,,,,,,,,,,,,,,,,,,,,,,,,,,,,,,,,,,,,,,,,,,,,,,,,,,,,,,,,,,,,,,,,,,,,,,,,,,,,,,,,,,,,,,,,,,,,,,,,,,,,,,,,,,,,,,,,,,,
Western CT State Univ.,4,2008,28,4864,4892,4.64171123,29906292,6113,28,400148,82,0,7246179,1481,7,10399679,2126,10,17255584,3527,16,5952916,1217,6,7943943,5629,28,0,5629,28,107563677,5629,,,,,,,,,,,,,,,,,,,,,,,,,,,,,,,,,,,,,,,,,,,,,,,,,,,,,,,,,,,,,,,,,,,,,,,,,,,,,,,,,,,,,,,,,,,,,,,,,,,,,,,,,,,,,,,,,,,,,,,,,,,,,,,,,,,,,,,,,,,,,,,,,,,,,,,,,,
Western CT State Univ.,4,2009,29,4942,4971,1.614881439,32203957,6478,29,371882,75,0,7817473,1573,7,10079450,2028,9,17351060,3490,16,5241704,1054,5,8405396,6014,29,0,6014,29,110766005,6014,,,,,,,,,,,,,,,,,,,,,,,,,,,,,,,,,,,,,,,,,,,,,,,,,,,,,,,,,,,,,,,,,,,,,,,,,,,,,,,,,,,,,,,,,,,,,,,,,,,,,,,,,,,,,,,,,,,,,,,,,,,,,,,,,,,,,,,,,,,,,,,,,,,,,,,,,,
Western CT State Univ.,4,2010,41,5146,5187,4.345202173,45361502,8745,41,407492,79,0,10623697,2048,10,12965077,2500,12,22537974,4345,20,7859165,1515,7,10486750,8102,41,0,8102,41,110530666,8102,,,,,,,,,,,,,,,,,,,,,,,,,,,,,,,,,,,,,,,,,,,,,,,,,,,,,,,,,,,,,,,,,,,,,,,,,,,,,,,,,,,,,,,,,,,,,,,,,,,,,,,,,,,,,,,,,,,,,,,,,,,,,,,,,,,,,,,,,,,,,,,,,,,,,,,,,,
Western CT State Univ.,4,2011,42,5231,5273,1.657991132,49079851,9308,42,550823,104,0,9456410,1793,8,13629537,2585,12,23837889,4521,20,9451048,1792,8,11097757,8774,42,0,8774,42,117548265,8774,,,,,,,,,,,,,,,,,,,,,,,,,,,,,,,,,,,,,,,,,,,,,,,,,,,,,,,,,,,,,,,,,,,,,,,,,,,,,,,,,,,,,,,,,,,,,,,,,,,,,,,,,,,,,,,,,,,,,,,,,,,,,,,,,,,,,,,,,,,,,,,,,,,,,,,,,,
Western CT State Univ.,4,2012,40,5277,5317,0.834439598,46035507,8658,40,483647,91,0,8340300,1569,7,12210023,2296,10,28989087,5452,25,9226795,1735,8,10681718,8191,40,0,8191,40,116337693,8191,,,,,,,,,,,,,,,,,,,,,,,,,,,,,,,,,,,,,,,,,,,,,,,,,,,,,,,,,,,,,,,,,,,,,,,,,,,,,,,,,,,,,,,,,,,,,,,,,,,,,,,,,,,,,,,,,,,,,,,,,,,,,,,,,,,,,,,,,,,,,,,,,,,,,,,,,,
Western CT State Univ.,4,2013,41,5044,5085,-4.363362799,48309572,9500,41,557883,110,0,9381219,1845,8,13895905,2733,12,24309980,4781,21,9309750,1831,8,10905181,9038,41,0,9038,41,117205675,9038,,,,,,,,,,,,,,,,,,,,,,,,,,,,,,,,,,,,,,,,,,,,,,,,,,,,,,,,,,,,,,,,,,,,,,,,,,,,,,,,,,,,,,,,,,,,,,,,,,,,,,,,,,,,,,,,,,,,,,,,,,,,,,,,,,,,,,,,,,,,,,,,,,,,,,,,,,
Western CT State Univ.,4,2014,42,4786,4828,-5.054080629,53881283,11160,42,658168,136,1,11873957,2459,9,18243286,3779,14,20246078,4193,16,9656291,2000,8,12090766,10613,42,0,10613,42,127325717,10613,,,,,,,,,,,,,,,,,,,,,,,,,,,,,,,,,,,,,,,,,,,,,,,,,,,,,,,,,,,,,,,,,,,,,,,,,,,,,,,,,,,,,,,,,,,,,,,,,,,,,,,,,,,,,,,,,,,,,,,,,,,,,,,,,,,,,,,,,,,,,,,,,,,,,,,,,,
Western CT State Univ.,4,2015,42,4728,4770,-1.201325601,59663284,12508,42,830464,174,1,10223576,2143,7,19663595,4122,14,27712054,5810,20,10393236,2179,7,11891250,11928,42,0,11928,42,141021596,11928,,,,,,,,,,,,,,,,,,,,,,,,,,,,,,,,,,,,,,,,,,,,,,,,,,,,,,,,,,,,,,,,,,,,,,,,,,,,,,,,,,,,,,,,,,,,,,,,,,,,,,,,,,,,,,,,,,,,,,,,,,,,,,,,,,,,,,,,,,,,,,,,,,,,,,,,,,
Western CT State Univ.,4,2016,42,4586,4628,-2.976939203,59985953,12962,42,550198,119,0,10992106,2375,8,19806334,4280,14,28271354,6109,20,12592909,2721,9,10372429,12366,42,0,12366,42,143241163,12366,,,,,,,,,,,,,,,,,,,,,,,,,,,,,,,,,,,,,,,,,,,,,,,,,,,,,,,,,,,,,,,,,,,,,,,,,,,,,,,,,,,,,,,,,,,,,,,,,,,,,,,,,,,,,,,,,,,,,,,,,,,,,,,,,,,,,,,,,,,,,,,,,,,,,,,,,,
Western CT State Univ.,4,2017,43,4499,4542,-1.858254105,61383911,13515,43,434304,96,0,10380759,2286,7,20959576,4615,15,26480125,5830,18,12292591,2706,9,11014359,12807,43,0,12807,43,143873939,12807,,,,,,,,,,,,,,,,,,,,,,,,,,,,,,,,,,,,,,,,,,,,,,,,,,,,,,,,,,,,,,,,,,,,,,,,,,,,,,,,,,,,,,,,,,,,,,,,,,,,,,,,,,,,,,,,,,,,,,,,,,,,,,,,,,,,,,,,,,,,,,,,,,,,,,,,,,
Western CT State Univ.,4,2018,43,4469,4512,-0.660501982,63088462,13982,43,481501,107,0,10402982,2306,7,20197917,4476,14,26339571,5838,18,13075124,2898,9,11445487,13218,43,0,13218,43,146160056,13218,,,,,,,,,,,,,,,,,,,,,,,,,,,,,,,,,,,,,,,,,,,,,,,,,,,,,,,,,,,,,,,,,,,,,,,,,,,,,,,,,,,,,,,,,,,,,,,,,,,,,,,,,,,,,,,,,,,,,,,,,,,,,,,,,,,,,,,,,,,,,,,,,,,,,,,,,,
Non-MA Average,4,2004,32,8557,8589,0,73938573,7491,32,5962742,479,2,24666018,2510,11,13920537,1582,7,23141221,2614,12,5365679,756,4,28840042,6200,32,44958,6200,32,241401859,6200,,,,,,,,,,,,,,,,,,,,,,,,,,,,,,,,,,,,,,,,,,,,,,,,,,,,,,,,,,,,,,,,,,,,,,,,,,,,,,,,,,,,,,,,,,,,,,,,,,,,,,,,,,,,,,,,,,,,,,,,,,,,,,,,,,,,,,,,,,,,,,,,,,,,,,,,,,
Non-MA Average,4,2005,28,8618,8646,0.663639539,78422518,7845,28,6948411,539,2,26396017,2623,9,15997874,1796,7,27148960,3083,12,8367832,1135,5,42007713,6533,28,0,6533,28,288543494,6533,,,,,,,,,,,,,,,,,,,,,,,,,,,,,,,,,,,,,,,,,,,,,,,,,,,,,,,,,,,,,,,,,,,,,,,,,,,,,,,,,,,,,,,,,,,,,,,,,,,,,,,,,,,,,,,,,,,,,,,,,,,,,,,,,,,,,,,,,,,,,,,,,,,,,,,,,,
Non-MA Average,4,2006,30,8811,8841,2.25537821,85431702,8521,30,7070923,538,2,26904821,2607,9,17127256,1917,7,27916412,3031,11,8747224,1132,5,36310946,7179,30,0,7179,30,295663689,7179,,,,,,,,,,,,,,,,,,,,,,,,,,,,,,,,,,,,,,,,,,,,,,,,,,,,,,,,,,,,,,,,,,,,,,,,,,,,,,,,,,,,,,,,,,,,,,,,,,,,,,,,,,,,,,,,,,,,,,,,,,,,,,,,,,,,,,,,,,,,,,,,,,,,,,,,,,
Non-MA Average,4,2007,29,8684,8713,-1.447800023,87383368,9176,29,7375912,567,2,28294864,2802,9,18586488,2279,7,30381773,3709,12,9251117,1261,5,37956549,7700,29,0,7700,29,304410463,7700,,,,,,,,,,,,,,,,,,,,,,,,,,,,,,,,,,,,,,,,,,,,,,,,,,,,,,,,,,,,,,,,,,,,,,,,,,,,,,,,,,,,,,,,,,,,,,,,,,,,,,,,,,,,,,,,,,,,,,,,,,,,,,,,,,,,,,,,,,,,,,,,,,,,,,,,,,
Non-MA Average,4,2008,30,9173,9203,5.623780558,100235390,9195,30,8534590,646,2,32780840,2863,9,22526863,2283,8,35551858,3587,13,10600759,1310,5,49826068,7678,30,2798308,7678,30,328058391,7678,,,,,,,,,,,,,,,,,,,,,,,,,,,,,,,,,,,,,,,,,,,,,,,,,,,,,,,,,,,,,,,,,,,,,,,,,,,,,,,,,,,,,,,,,,,,,,,,,,,,,,,,,,,,,,,,,,,,,,,,,,,,,,,,,,,,,,,,,,,,,,,,,,,,,,,,,,
Non-MA Average,4,2009,29,9390,9418,2.336194719,124432259,10575,29,13694685,945,2,37812176,3167,9,23075522,2255,7,51648036,4451,13,10848105,1305,5,54143001,8560,29,9050486,8560,29,469709241,8560,,,,,,,,,,,,,,,,,,,,,,,,,,,,,,,,,,,,,,,,,,,,,,,,,,,,,,,,,,,,,,,,,,,,,,,,,,,,,,,,,,,,,,,,,,,,,,,,,,,,,,,,,,,,,,,,,,,,,,,,,,,,,,,,,,,,,,,,,,,,,,,,,,,,,,,,,,
Non-MA Average,4,2010,35,9705,9740,3.418984922,135690359,11736,35,12315295,844,2,39234879,3233,10,25620218,2512,9,56635387,4877,15,12394720,1479,6,58162925,9532,35,7519516,9532,35,469580897,9532,,,,,,,,,,,,,,,,,,,,,,,,,,,,,,,,,,,,,,,,,,,,,,,,,,,,,,,,,,,,,,,,,,,,,,,,,,,,,,,,,,,,,,,,,,,,,,,,,,,,,,,,,,,,,,,,,,,,,,,,,,,,,,,,,,,,,,,,,,,,,,,,,,,,,,,,,,
Non-MA Average,4,2011,36,9796,9832,0.944558522,143524332,12288,36,15491427,1027,2,42039157,3380,10,26049277,2558,9,58369309,4933,14,14586862,1688,7,61222393,10095,36,7803375,10095,36,493604509,10095,,,,,,,,,,,,,,,,,,,,,,,,,,,,,,,,,,,,,,,,,,,,,,,,,,,,,,,,,,,,,,,,,,,,,,,,,,,,,,,,,,,,,,,,,,,,,,,,,,,,,,,,,,,,,,,,,,,,,,,,,,,,,,,,,,,,,,,,,,,,,,,,,,,,,,,,,,
Non-MA Average,4,2012,36,9877,9913,0.823840521,143290233,12102,36,20883535,1328,2,42905965,3363,9,24994112,2465,8,56981998,4929,15,13786192,1619,6,63730045,10315,36,2303457,10315,36,492069259,10315,,,,,,,,,,,,,,,,,,,,,,,,,,,,,,,,,,,,,,,,,,,,,,,,,,,,,,,,,,,,,,,,,,,,,,,,,,,,,,,,,,,,,,,,,,,,,,,,,,,,,,,,,,,,,,,,,,,,,,,,,,,,,,,,,,,,,,,,,,,,,,,,,,,,,,,,,,
Non-MA Average,4,2013,37,9668,9705,-2.098254817,152734809,13183,37,22356418,1441,2,46462284,3649,9,26360831,2674,9,52387257,4669,14,13443820,1609,6,66478081,11240,37,73248,11240,37,506862288,11240,,,,,,,,,,,,,,,,,,,,,,,,,,,,,,,,,,,,,,,,,,,,,,,,,,,,,,,,,,,,,,,,,,,,,,,,,,,,,,,,,,,,,,,,,,,,,,,,,,,,,,,,,,,,,,,,,,,,,,,,,,,,,,,,,,,,,,,,,,,,,,,,,,,,,,,,,,
Non-MA Average,4,2014,37,9681,9718,0.133951571,166985808,14283,37,19726528,1264,2,49478524,3855,9,30459141,3083,9,52334337,4633,13,15177612,1797,6,71850741,12130,37,637143,12130,37,547037669,12130,,,,,,,,,,,,,,,,,,,,,,,,,,,,,,,,,,,,,,,,,,,,,,,,,,,,,,,,,,,,,,,,,,,,,,,,,,,,,,,,,,,,,,,,,,,,,,,,,,,,,,,,,,,,,,,,,,,,,,,,,,,,,,,,,,,,,,,,,,,,,,,,,,,,,,,,,,
Non-MA Average,4,2015,38,9768,9806,0.905536119,180070022,15322,38,16906735,1100,2,51756412,3950,9,32072296,3259,10,59555760,5239,13,15968232,1902,6,72006964,12993,38,245645,12993,38,575839723,12993,,,,,,,,,,,,,,,,,,,,,,,,,,,,,,,,,,,,,,,,,,,,,,,,,,,,,,,,,,,,,,,,,,,,,,,,,,,,,,,,,,,,,,,,,,,,,,,,,,,,,,,,,,,,,,,,,,,,,,,,,,,,,,,,,,,,,,,,,,,,,,,,,,,,,,,,,,
Non-MA Average,4,2016,37,9853,9891,0.866816235,185532121,15658,37,18369790,1152,2,53739722,4117,9,32547673,3343,10,61851429,5463,14,79785792,5778,12,16433043,13314,37,1947585,13314,37,607706167,13314,,,,,,,,,,,,,,,,,,,,,,,,,,,,,,,,,,,,,,,,,,,,,,,,,,,,,,,,,,,,,,,,,,,,,,,,,,,,,,,,,,,,,,,,,,,,,,,,,,,,,,,,,,,,,,,,,,,,,,,,,,,,,,,,,,,,,,,,,,,,,,,,,,,,,,,,,,
Non-MA Average,4,2017,38,9916,9954,0.636942675,183435076,15660,38,18162013,1102,2,50586891,3924,9,29884460,3282,10,49708168,4672,12,79162585,5599,11,16238933,13329,38,52651621,13329,38,631922654,13329,,,,,,,,,,,,,,,,,,,,,,,,,,,,,,,,,,,,,,,,,,,,,,,,,,,,,,,,,,,,,,,,,,,,,,,,,,,,,,,,,,,,,,,,,,,,,,,,,,,,,,,,,,,,,,,,,,,,,,,,,,,,,,,,,,,,,,,,,,,,,,,,,,,,,,,,,,
Non-MA Average,4,2018,38,9960,9998,0.442033353,184502871,15849,38,20458787,1205,2,51352221,3951,9,31036638,3358,10,54633730,4975,13,79785815,5597,11,16815474,13520,38,56819654,13520,38,655540668,13520,,,,,,,,,,,,,,,,,,,,,,,,,,,,,,,,,,,,,,,,,,,,,,,,,,,,,,,,,,,,,,,,,,,,,,,,,,,,,,,,,,,,,,,,,,,,,,,,,,,,,,,,,,,,,,,,,,,,,,,,,,,,,,,,,,,,,,,,,,,,,,,,,,,,,,,,,,